month,ranking_type,rank,employee,sentiment_score
2010-01,Top Positive,1,kayne.coulter@enron.com,5
2010-01,Top Positive,2,patti.thompson@enron.com,5
2010-01,Top Positive,3,don.baughman@enron.com,4
2010-01,Top Negative,1,rhonda.denton@enron.com,0
2010-01,Top Negative,2,bobette.riner@ipgdirect.com,1
2010-01,Top Negative,3,john.arnold@enron.com,2
2010-02,Top Positive,1,bobette.riner@ipgdirect.com,7
2010-02,Top Positive,2,john.arnold@enron.com,7
2010-02,Top Positive,3,don.baughman@enron.com,6
2010-02,Top Negative,1,sally.beck@enron.com,0
2010-02,Top Negative,2,kayne.coulter@enron.com,1
2010-02,Top Negative,3,lydia.delgado@enron.com,1
2010-03,Top Positive,1,lydia.delgado@enron.com,8
2010-03,Top Positive,2,sally.beck@enron.com,8
2010-03,Top Positive,3,bobette.riner@ipgdirect.com,3
2010-03,Top Negative,1,rhonda.denton@enron.com,0
2010-03,Top Negative,2,eric.bass@enron.com,1
2010-03,Top Negative,3,kayne.coulter@enron.com,1
2010-04,Top Positive,1,don.baughman@enron.com,5
2010-04,Top Positive,2,johnny.palmer@enron.com,4
2010-04,Top Positive,3,john.arnold@enron.com,3
2010-04,Top Negative,1,eric.bass@enron.com,1
2010-04,Top Negative,2,bobette.riner@ipgdirect.com,2
2010-04,Top Negative,3,lydia.delgado@enron.com,2
2010-05,Top Positive,1,don.baughman@enron.com,8
2010-05,Top Positive,2,patti.thompson@enron.com,7
2010-05,Top Positive,3,sally.beck@enron.com,6
2010-05,Top Negative,1,johnny.palmer@enron.com,0
2010-05,Top Negative,2,bobette.riner@ipgdirect.com,1
2010-05,Top Negative,3,john.arnold@enron.com,1
2010-06,Top Positive,1,don.baughman@enron.com,7
2010-06,Top Positive,2,john.arnold@enron.com,5
2010-06,Top Positive,3,johnny.palmer@enron.com,5
2010-06,Top Negative,1,bobette.riner@ipgdirect.com,0
2010-06,Top Negative,2,kayne.coulter@enron.com,0
2010-06,Top Negative,3,lydia.delgado@enron.com,0
2010-07,Top Positive,1,lydia.delgado@enron.com,10
2010-07,Top Positive,2,bobette.riner@ipgdirect.com,6
2010-07,Top Positive,3,eric.bass@enron.com,6
2010-07,Top Negative,1,johnny.palmer@enron.com,0
2010-07,Top Negative,2,rhonda.denton@enron.com,0
2010-07,Top Negative,3,don.baughman@enron.com,1
2010-08,Top Positive,1,sally.beck@enron.com,13
2010-08,Top Positive,2,john.arnold@enron.com,4
2010-08,Top Positive,3,kayne.coulter@enron.com,4
2010-08,Top Negative,1,bobette.riner@ipgdirect.com,0
2010-08,Top Negative,2,eric.bass@enron.com,1
2010-08,Top Negative,3,patti.thompson@enron.com,1
2010-09,Top Positive,1,patti.thompson@enron.com,6
2010-09,Top Positive,2,bobette.riner@ipgdirect.com,4
2010-09,Top Positive,3,johnny.palmer@enron.com,4
2010-09,Top Negative,1,don.baughman@enron.com,1
2010-09,Top Negative,2,kayne.coulter@enron.com,1
2010-09,Top Negative,3,lydia.delgado@enron.com,1
2010-10,Top Positive,1,lydia.delgado@enron.com,7
2010-10,Top Positive,2,eric.bass@enron.com,6
2010-10,Top Positive,3,john.arnold@enron.com,6
2010-10,Top Negative,1,don.baughman@enron.com,0
2010-10,Top Negative,2,sally.beck@enron.com,0
2010-10,Top Negative,3,kayne.coulter@enron.com,1
2010-11,Top Positive,1,lydia.delgado@enron.com,5
2010-11,Top Positive,2,don.baughman@enron.com,3
2010-11,Top Positive,3,kayne.coulter@enron.com,3
2010-11,Top Negative,1,bobette.riner@ipgdirect.com,0
2010-11,Top Negative,2,rhonda.denton@enron.com,0
2010-11,Top Negative,3,john.arnold@enron.com,1
2010-12,Top Positive,1,john.arnold@enron.com,8
2010-12,Top Positive,2,lydia.delgado@enron.com,5
2010-12,Top Positive,3,sally.beck@enron.com,5
2010-12,Top Negative,1,bobette.riner@ipgdirect.com,0
2010-12,Top Negative,2,johnny.palmer@enron.com,0
2010-12,Top Negative,3,rhonda.denton@enron.com,0
2011-01,Top Positive,1,bobette.riner@ipgdirect.com,10
2011-01,Top Positive,2,sally.beck@enron.com,6
2011-01,Top Positive,3,johnny.palmer@enron.com,5
2011-01,Top Negative,1,john.arnold@enron.com,0
2011-01,Top Negative,2,kayne.coulter@enron.com,0
2011-01,Top Negative,3,patti.thompson@enron.com,1
2011-02,Top Positive,1,john.arnold@enron.com,10
2011-02,Top Positive,2,lydia.delgado@enron.com,6
2011-02,Top Positive,3,kayne.coulter@enron.com,4
2011-02,Top Negative,1,rhonda.denton@enron.com,0
2011-02,Top Negative,2,bobette.riner@ipgdirect.com,1
2011-02,Top Negative,3,eric.bass@enron.com,1
2011-03,Top Positive,1,lydia.delgado@enron.com,7
2011-03,Top Positive,2,bobette.riner@ipgdirect.com,6
2011-03,Top Positive,3,john.arnold@enron.com,6
2011-03,Top Negative,1,sally.beck@enron.com,-2
2011-03,Top Negative,2,johnny.palmer@enron.com,0
2011-03,Top Negative,3,don.baughman@enron.com,2
2011-04,Top Positive,1,bobette.riner@ipgdirect.com,9
2011-04,Top Positive,2,johnny.palmer@enron.com,9
2011-04,Top Positive,3,eric.bass@enron.com,6
2011-04,Top Negative,1,john.arnold@enron.com,1
2011-04,Top Negative,2,sally.beck@enron.com,1
2011-04,Top Negative,3,don.baughman@enron.com,2
2011-05,Top Positive,1,lydia.delgado@enron.com,9
2011-05,Top Positive,2,john.arnold@enron.com,6
2011-05,Top Positive,3,eric.bass@enron.com,5
2011-05,Top Negative,1,patti.thompson@enron.com,-1
2011-05,Top Negative,2,bobette.riner@ipgdirect.com,1
2011-05,Top Negative,3,kayne.coulter@enron.com,1
2011-06,Top Positive,1,johnny.palmer@enron.com,15
2011-06,Top Positive,2,eric.bass@enron.com,10
2011-06,Top Positive,3,bobette.riner@ipgdirect.com,5
2011-06,Top Negative,1,don.baughman@enron.com,0
2011-06,Top Negative,2,kayne.coulter@enron.com,0
2011-06,Top Negative,3,rhonda.denton@enron.com,1
2011-07,Top Positive,1,patti.thompson@enron.com,11
2011-07,Top Positive,2,sally.beck@enron.com,10
2011-07,Top Positive,3,john.arnold@enron.com,6
2011-07,Top Negative,1,don.baughman@enron.com,0
2011-07,Top Negative,2,kayne.coulter@enron.com,0
2011-07,Top Negative,3,lydia.delgado@enron.com,0
2011-08,Top Positive,1,lydia.delgado@enron.com,7
2011-08,Top Positive,2,john.arnold@enron.com,6
2011-08,Top Positive,3,sally.beck@enron.com,6
2011-08,Top Negative,1,kayne.coulter@enron.com,0
2011-08,Top Negative,2,rhonda.denton@enron.com,1
2011-08,Top Negative,3,bobette.riner@ipgdirect.com,2
2011-09,Top Positive,1,kayne.coulter@enron.com,10
2011-09,Top Positive,2,eric.bass@enron.com,7
2011-09,Top Positive,3,rhonda.denton@enron.com,7
2011-09,Top Negative,1,john.arnold@enron.com,1
2011-09,Top Negative,2,sally.beck@enron.com,1
2011-09,Top Negative,3,johnny.palmer@enron.com,3
2011-10,Top Positive,1,john.arnold@enron.com,6
2011-10,Top Positive,2,kayne.coulter@enron.com,6
2011-10,Top Positive,3,lydia.delgado@enron.com,6
2011-10,Top Negative,1,bobette.riner@ipgdirect.com,0
2011-10,Top Negative,2,johnny.palmer@enron.com,0
2011-10,Top Negative,3,rhonda.denton@enron.com,0
2011-11,Top Positive,1,patti.thompson@enron.com,9
2011-11,Top Positive,2,kayne.coulter@enron.com,7
2011-11,Top Positive,3,bobette.riner@ipgdirect.com,6
2011-11,Top Negative,1,eric.bass@enron.com,1
2011-11,Top Negative,2,lydia.delgado@enron.com,1
2011-11,Top Negative,3,rhonda.denton@enron.com,1
2011-12,Top Positive,1,kayne.coulter@enron.com,5
2011-12,Top Positive,2,patti.thompson@enron.com,5
2011-12,Top Positive,3,don.baughman@enron.com,4
2011-12,Top Negative,1,bobette.riner@ipgdirect.com,0
2011-12,Top Negative,2,lydia.delgado@enron.com,0
2011-12,Top Negative,3,johnny.palmer@enron.com,1
