employee,month,sentiment_score,message_count,avg_word_count,avg_char_count
bobette.riner@ipgdirect.com,2010-01,1,2,26.0,153.5
bobette.riner@ipgdirect.com,2010-02,7,14,52.285714285714285,317.42857142857144
bobette.riner@ipgdirect.com,2010-03,3,11,52.81818181818182,305.72727272727275
bobette.riner@ipgdirect.com,2010-04,2,6,40.5,244.5
bobette.riner@ipgdirect.com,2010-05,1,4,32.5,183.0
bobette.riner@ipgdirect.com,2010-06,0,5,34.4,169.2
bobette.riner@ipgdirect.com,2010-07,6,12,50.916666666666664,292.3333333333333
bobette.riner@ipgdirect.com,2010-08,0,9,67.77777777777777,366.44444444444446
bobette.riner@ipgdirect.com,2010-09,4,15,46.0,254.53333333333333
bobette.riner@ipgdirect.com,2010-10,2,6,57.666666666666664,298.8333333333333
bobette.riner@ipgdirect.com,2010-11,0,16,36.5625,197.5
bobette.riner@ipgdirect.com,2010-12,0,8,38.125,211.875
bobette.riner@ipgdirect.com,2011-01,10,17,39.88235294117647,221.2941176470588
bobette.riner@ipgdirect.com,2011-02,1,3,38.666666666666664,227.66666666666666
bobette.riner@ipgdirect.com,2011-03,6,14,36.5,210.85714285714286
bobette.riner@ipgdirect.com,2011-04,9,15,49.6,283.53333333333336
bobette.riner@ipgdirect.com,2011-05,1,1,32.0,220.0
bobette.riner@ipgdirect.com,2011-06,5,11,37.90909090909091,198.27272727272728
bobette.riner@ipgdirect.com,2011-07,1,14,39.07142857142857,216.5
bobette.riner@ipgdirect.com,2011-08,2,3,81.33333333333333,443.6666666666667
bobette.riner@ipgdirect.com,2011-09,5,11,46.54545454545455,263.27272727272725
bobette.riner@ipgdirect.com,2011-10,0,1,10.0,55.0
bobette.riner@ipgdirect.com,2011-11,6,16,76.9375,444.0
bobette.riner@ipgdirect.com,2011-12,0,3,125.66666666666667,728.3333333333334
don.baughman@enron.com,2010-01,4,9,37.55555555555556,207.77777777777777
don.baughman@enron.com,2010-02,6,15,39.2,224.46666666666667
don.baughman@enron.com,2010-03,2,4,34.5,173.0
don.baughman@enron.com,2010-04,5,11,40.09090909090909,243.0
don.baughman@enron.com,2010-05,8,23,50.73913043478261,297.0869565217391
don.baughman@enron.com,2010-06,7,17,53.64705882352941,319.11764705882354
don.baughman@enron.com,2010-07,1,6,29.166666666666668,148.33333333333334
don.baughman@enron.com,2010-08,2,2,24.5,120.0
don.baughman@enron.com,2010-09,1,7,21.857142857142858,112.42857142857143
don.baughman@enron.com,2010-10,0,1,16.0,78.0
don.baughman@enron.com,2010-11,3,9,29.22222222222222,149.44444444444446
don.baughman@enron.com,2010-12,2,18,48.833333333333336,276.6666666666667
don.baughman@enron.com,2011-01,2,9,39.77777777777778,239.55555555555554
don.baughman@enron.com,2011-02,2,2,71.0,376.5
don.baughman@enron.com,2011-03,2,4,84.5,455.5
don.baughman@enron.com,2011-04,2,5,40.4,214.2
don.baughman@enron.com,2011-05,3,12,82.16666666666667,460.5833333333333
don.baughman@enron.com,2011-06,0,3,31.333333333333332,192.66666666666666
don.baughman@enron.com,2011-07,0,5,50.4,263.8
don.baughman@enron.com,2011-08,4,12,41.0,223.75
don.baughman@enron.com,2011-09,6,15,41.93333333333333,231.26666666666668
don.baughman@enron.com,2011-10,4,9,47.44444444444444,272.8888888888889
don.baughman@enron.com,2011-11,2,8,53.375,298.875
don.baughman@enron.com,2011-12,4,7,59.714285714285715,330.85714285714283
eric.bass@enron.com,2010-01,4,10,45.3,246.9
eric.bass@enron.com,2010-02,4,4,78.5,411.5
eric.bass@enron.com,2010-03,1,11,36.63636363636363,214.72727272727272
eric.bass@enron.com,2010-04,1,2,45.5,224.0
eric.bass@enron.com,2010-05,4,7,73.28571428571429,425.7142857142857
eric.bass@enron.com,2010-06,1,1,77.0,398.0
eric.bass@enron.com,2010-07,6,19,42.578947368421055,240.26315789473685
eric.bass@enron.com,2010-08,1,2,65.0,429.5
eric.bass@enron.com,2010-09,3,15,49.46666666666667,275.06666666666666
eric.bass@enron.com,2010-10,6,9,51.333333333333336,273.55555555555554
eric.bass@enron.com,2010-11,2,5,37.4,212.8
eric.bass@enron.com,2010-12,2,2,69.5,379.0
eric.bass@enron.com,2011-01,4,12,40.416666666666664,215.5
eric.bass@enron.com,2011-02,1,1,24.0,100.0
eric.bass@enron.com,2011-03,3,9,75.11111111111111,426.6666666666667
eric.bass@enron.com,2011-04,6,11,45.81818181818182,243.9090909090909
eric.bass@enron.com,2011-05,5,16,52.75,309.375
eric.bass@enron.com,2011-06,10,22,61.81818181818182,353.3636363636364
eric.bass@enron.com,2011-07,1,5,95.0,512.2
eric.bass@enron.com,2011-08,3,7,46.0,246.42857142857142
eric.bass@enron.com,2011-09,7,13,51.30769230769231,270.46153846153845
eric.bass@enron.com,2011-10,2,9,37.333333333333336,208.22222222222223
eric.bass@enron.com,2011-11,1,1,16.0,80.0
eric.bass@enron.com,2011-12,4,17,47.0,264.29411764705884
john.arnold@enron.com,2010-01,2,7,38.57142857142857,233.71428571428572
john.arnold@enron.com,2010-02,7,18,49.611111111111114,281.55555555555554
john.arnold@enron.com,2010-03,2,18,49.833333333333336,291.1111111111111
john.arnold@enron.com,2010-04,3,9,54.111111111111114,311.6666666666667
john.arnold@enron.com,2010-05,1,10,56.6,307.7
john.arnold@enron.com,2010-06,5,15,54.06666666666667,320.4
john.arnold@enron.com,2010-07,3,7,23.571428571428573,131.71428571428572
john.arnold@enron.com,2010-08,4,10,62.9,327.2
john.arnold@enron.com,2010-09,3,13,40.53846153846154,226.07692307692307
john.arnold@enron.com,2010-10,6,11,59.27272727272727,351.72727272727275
john.arnold@enron.com,2010-11,1,11,31.90909090909091,172.9090909090909
john.arnold@enron.com,2010-12,8,21,36.0,194.14285714285714
john.arnold@enron.com,2011-01,0,3,33.666666666666664,170.33333333333334
john.arnold@enron.com,2011-02,10,19,71.6842105263158,395.05263157894734
john.arnold@enron.com,2011-03,6,10,52.4,299.4
john.arnold@enron.com,2011-04,1,2,38.0,185.0
john.arnold@enron.com,2011-05,6,11,37.63636363636363,214.36363636363637
john.arnold@enron.com,2011-06,5,7,54.42857142857143,276.7142857142857
john.arnold@enron.com,2011-07,6,8,53.5,300.75
john.arnold@enron.com,2011-08,6,12,48.0,274.0833333333333
john.arnold@enron.com,2011-09,1,1,32.0,188.0
john.arnold@enron.com,2011-10,6,18,64.27777777777777,367.6666666666667
john.arnold@enron.com,2011-11,3,11,63.18181818181818,348.45454545454544
john.arnold@enron.com,2011-12,2,4,67.5,380.75
johnny.palmer@enron.com,2010-01,2,6,34.666666666666664,206.16666666666666
johnny.palmer@enron.com,2010-02,4,18,57.27777777777778,324.8888888888889
johnny.palmer@enron.com,2010-03,3,11,39.36363636363637,243.72727272727272
johnny.palmer@enron.com,2010-04,4,8,23.375,125.75
johnny.palmer@enron.com,2010-05,0,1,19.0,118.0
johnny.palmer@enron.com,2010-06,5,10,86.7,475.7
johnny.palmer@enron.com,2010-07,0,4,46.0,265.5
johnny.palmer@enron.com,2010-08,3,8,57.25,337.875
johnny.palmer@enron.com,2010-09,4,12,50.333333333333336,301.3333333333333
johnny.palmer@enron.com,2010-10,5,15,36.4,205.66666666666666
johnny.palmer@enron.com,2010-11,1,1,41.0,190.0
johnny.palmer@enron.com,2010-12,0,1,60.0,370.0
johnny.palmer@enron.com,2011-01,5,12,52.5,287.4166666666667
johnny.palmer@enron.com,2011-02,2,17,53.8235294117647,286.29411764705884
johnny.palmer@enron.com,2011-03,0,1,4.0,16.0
johnny.palmer@enron.com,2011-04,9,16,43.625,236.375
johnny.palmer@enron.com,2011-05,2,6,62.0,342.8333333333333
johnny.palmer@enron.com,2011-06,15,18,48.5,282.22222222222223
johnny.palmer@enron.com,2011-07,5,12,28.25,155.66666666666666
johnny.palmer@enron.com,2011-08,5,15,48.2,275.53333333333336
johnny.palmer@enron.com,2011-09,3,9,43.333333333333336,236.33333333333334
johnny.palmer@enron.com,2011-10,0,2,35.5,172.5
johnny.palmer@enron.com,2011-11,2,7,56.285714285714285,324.57142857142856
johnny.palmer@enron.com,2011-12,1,3,22.333333333333332,127.33333333333333
kayne.coulter@enron.com,2010-01,5,22,35.22727272727273,203.3181818181818
kayne.coulter@enron.com,2010-02,1,8,70.875,401.0
kayne.coulter@enron.com,2010-03,1,4,25.75,145.75
kayne.coulter@enron.com,2010-04,3,16,51.125,303.5
kayne.coulter@enron.com,2010-05,2,4,42.75,258.75
kayne.coulter@enron.com,2010-06,0,4,34.75,207.0
kayne.coulter@enron.com,2010-07,2,6,38.166666666666664,200.0
kayne.coulter@enron.com,2010-08,4,7,73.57142857142857,423.57142857142856
kayne.coulter@enron.com,2010-09,1,2,42.5,223.5
kayne.coulter@enron.com,2010-10,1,3,25.333333333333332,131.0
kayne.coulter@enron.com,2010-11,3,5,93.2,562.8
kayne.coulter@enron.com,2010-12,1,6,62.166666666666664,326.5
kayne.coulter@enron.com,2011-01,0,5,31.4,176.2
kayne.coulter@enron.com,2011-02,4,10,49.6,254.2
kayne.coulter@enron.com,2011-03,2,4,60.25,341.0
kayne.coulter@enron.com,2011-04,2,9,45.0,252.44444444444446
kayne.coulter@enron.com,2011-05,1,1,14.0,70.0
kayne.coulter@enron.com,2011-06,0,1,18.0,73.0
kayne.coulter@enron.com,2011-07,0,1,8.0,45.0
kayne.coulter@enron.com,2011-08,0,1,28.0,154.0
kayne.coulter@enron.com,2011-09,10,13,46.46153846153846,260.0
kayne.coulter@enron.com,2011-10,6,17,52.35294117647059,311.0
kayne.coulter@enron.com,2011-11,7,16,50.5625,305.875
kayne.coulter@enron.com,2011-12,5,9,61.77777777777778,365.1111111111111
lydia.delgado@enron.com,2010-01,3,13,50.23076923076923,293.6923076923077
lydia.delgado@enron.com,2010-02,1,1,87.0,456.0
lydia.delgado@enron.com,2010-03,8,11,58.63636363636363,350.1818181818182
lydia.delgado@enron.com,2010-04,2,12,31.5,175.0
lydia.delgado@enron.com,2010-05,4,8,66.25,358.25
lydia.delgado@enron.com,2010-06,0,11,41.90909090909091,228.9090909090909
lydia.delgado@enron.com,2010-07,10,18,47.388888888888886,270.72222222222223
lydia.delgado@enron.com,2010-08,3,10,37.3,198.6
lydia.delgado@enron.com,2010-09,1,5,50.6,302.2
lydia.delgado@enron.com,2010-10,7,20,40.4,224.85
lydia.delgado@enron.com,2010-11,5,11,39.81818181818182,218.54545454545453
lydia.delgado@enron.com,2010-12,5,13,46.07692307692308,251.6153846153846
lydia.delgado@enron.com,2011-01,3,6,42.0,238.33333333333334
lydia.delgado@enron.com,2011-02,6,21,48.476190476190474,275.8095238095238
lydia.delgado@enron.com,2011-03,7,7,73.42857142857143,412.42857142857144
lydia.delgado@enron.com,2011-04,6,20,46.1,252.15
lydia.delgado@enron.com,2011-05,9,25,47.36,269.72
lydia.delgado@enron.com,2011-06,4,6,35.833333333333336,197.16666666666666
lydia.delgado@enron.com,2011-07,0,1,24.0,151.0
lydia.delgado@enron.com,2011-08,7,14,56.214285714285715,321.2142857142857
lydia.delgado@enron.com,2011-09,4,7,40.57142857142857,219.0
lydia.delgado@enron.com,2011-10,6,20,61.35,363.85
lydia.delgado@enron.com,2011-11,1,7,38.714285714285715,216.42857142857142
lydia.delgado@enron.com,2011-12,0,17,52.705882352941174,284.52941176470586
patti.thompson@enron.com,2010-01,5,10,47.4,280.2
patti.thompson@enron.com,2010-02,1,1,131.0,694.0
patti.thompson@enron.com,2010-03,1,8,37.875,212.5
patti.thompson@enron.com,2010-04,2,11,52.81818181818182,293.8181818181818
patti.thompson@enron.com,2010-05,7,16,43.375,255.9375
patti.thompson@enron.com,2010-06,5,12,61.166666666666664,350.5833333333333
patti.thompson@enron.com,2010-07,1,2,35.5,216.0
patti.thompson@enron.com,2010-08,1,1,130.0,601.0
patti.thompson@enron.com,2010-09,6,10,67.3,386.5
patti.thompson@enron.com,2010-10,3,17,35.05882352941177,189.47058823529412
patti.thompson@enron.com,2010-11,3,12,53.666666666666664,304.9166666666667
patti.thompson@enron.com,2010-12,1,1,47.0,238.0
patti.thompson@enron.com,2011-01,1,6,38.0,217.16666666666666
patti.thompson@enron.com,2011-02,2,3,31.0,165.0
patti.thompson@enron.com,2011-03,2,17,46.8235294117647,255.7058823529412
patti.thompson@enron.com,2011-04,2,7,57.0,315.7142857142857
patti.thompson@enron.com,2011-05,-1,1,114.0,606.0
patti.thompson@enron.com,2011-06,2,9,33.888888888888886,178.88888888888889
patti.thompson@enron.com,2011-07,11,27,53.0,299.51851851851853
patti.thompson@enron.com,2011-08,2,12,62.333333333333336,361.0833333333333
patti.thompson@enron.com,2011-09,4,11,51.90909090909091,312.27272727272725
patti.thompson@enron.com,2011-10,3,6,38.5,213.5
patti.thompson@enron.com,2011-11,9,13,51.0,280.84615384615387
patti.thompson@enron.com,2011-12,5,12,57.583333333333336,338.5833333333333
rhonda.denton@enron.com,2010-01,0,3,34.0,205.33333333333334
rhonda.denton@enron.com,2010-02,3,6,56.5,332.5
rhonda.denton@enron.com,2010-03,0,1,29.0,163.0
rhonda.denton@enron.com,2010-04,3,11,41.09090909090909,241.0909090909091
rhonda.denton@enron.com,2010-05,4,6,61.5,370.8333333333333
rhonda.denton@enron.com,2010-06,1,4,65.0,327.5
rhonda.denton@enron.com,2010-07,0,3,60.666666666666664,351.3333333333333
rhonda.denton@enron.com,2010-08,2,17,49.35294117647059,279.47058823529414
rhonda.denton@enron.com,2010-09,4,5,29.8,165.8
rhonda.denton@enron.com,2010-10,1,2,63.0,346.5
rhonda.denton@enron.com,2010-11,0,9,47.666666666666664,268.3333333333333
rhonda.denton@enron.com,2010-12,0,10,36.4,194.8
rhonda.denton@enron.com,2011-01,4,11,50.27272727272727,285.3636363636364
rhonda.denton@enron.com,2011-02,0,9,27.22222222222222,153.77777777777777
rhonda.denton@enron.com,2011-03,6,14,43.0,236.35714285714286
rhonda.denton@enron.com,2011-04,2,6,30.833333333333332,196.83333333333334
rhonda.denton@enron.com,2011-05,5,10,54.6,300.4
rhonda.denton@enron.com,2011-06,1,12,45.916666666666664,247.0
rhonda.denton@enron.com,2011-07,1,4,42.5,250.5
rhonda.denton@enron.com,2011-08,1,1,50.0,299.0
rhonda.denton@enron.com,2011-09,7,10,47.1,273.1
rhonda.denton@enron.com,2011-10,0,2,33.5,215.0
rhonda.denton@enron.com,2011-11,1,5,20.0,117.4
rhonda.denton@enron.com,2011-12,4,11,42.81818181818182,241.0909090909091
sally.beck@enron.com,2010-01,4,9,36.44444444444444,241.66666666666666
sally.beck@enron.com,2010-02,0,6,23.166666666666668,119.16666666666667
sally.beck@enron.com,2010-03,8,12,46.083333333333336,248.08333333333334
sally.beck@enron.com,2010-04,3,6,51.5,281.5
sally.beck@enron.com,2010-05,6,12,55.666666666666664,312.6666666666667
sally.beck@enron.com,2010-06,4,13,42.53846153846154,222.15384615384616
sally.beck@enron.com,2010-07,1,14,47.214285714285715,275.35714285714283
sally.beck@enron.com,2010-08,13,25,35.84,206.24
sally.beck@enron.com,2010-09,3,7,47.142857142857146,260.0
sally.beck@enron.com,2010-10,0,7,41.0,240.71428571428572
sally.beck@enron.com,2010-11,3,12,51.333333333333336,293.6666666666667
sally.beck@enron.com,2010-12,5,11,62.63636363636363,353.54545454545456
sally.beck@enron.com,2011-01,6,10,50.1,270.1
sally.beck@enron.com,2011-02,1,6,100.33333333333333,552.1666666666666
sally.beck@enron.com,2011-03,-2,12,62.916666666666664,360.6666666666667
sally.beck@enron.com,2011-04,1,1,45.0,274.0
sally.beck@enron.com,2011-05,3,9,33.333333333333336,183.66666666666666
sally.beck@enron.com,2011-06,2,2,15.5,88.5
sally.beck@enron.com,2011-07,10,14,39.357142857142854,217.07142857142858
sally.beck@enron.com,2011-08,6,14,68.14285714285714,393.07142857142856
sally.beck@enron.com,2011-09,1,1,63.0,315.0
sally.beck@enron.com,2011-10,4,7,36.142857142857146,204.0
sally.beck@enron.com,2011-11,4,8,62.125,352.625
sally.beck@enron.com,2011-12,3,9,44.888888888888886,265.3333333333333
